id,text,_note
tut_next,눌러서 계속,튜토리얼 말상자 오른쪽 아래
tut_skip,건너뛰기,튜토리얼 말상자의 단추
tut_count,{i} / {n},튜토리얼 말상자 왼쪽 아래 걸음 세기. {i} 지금 걸음 · {n} 모두 — 두 칸을 꼭 남긴다
tut_end,튜토리얼 끝,튜토리얼 런(첫 런 · 1라운드 3판)을 마친 화면의 제목
hint_pick,던질 다트 고르기,판 아래 안내 — 던질 다트를 고를 때
aim_std_1,높이 잡기,판 아래 안내 — 기본 조준 첫 잠금
aim_std_2,좌우 잡기,판 아래 안내 — 기본 조준 둘째 잠금
aim_ring_1,원 크기 잡기,판 아래 안내 — 태양계 조준 첫 잠금
aim_ring_2,각도 잡기,판 아래 안내 — 태양계 조준 둘째 잠금
aim_tilt_1,첫 축 잡기,판 아래 안내 — 교통카드 조준 첫 잠금
aim_tilt_2,둘째 축 잡기,판 아래 안내 — 교통카드 조준 둘째 잠금
aim_cross_1,교차점 잡기,판 아래 안내 — 카우보이 조준
aim_drift_1,떠도는 조준점 잡기,판 아래 안내 — 수전증 조준
aim_place_1,꽂을 자리 고르기,판 아래 안내 — 정조준
aim_pull_1,튕겨 던지기,판 아래 안내 — 더 사일런트 조준
aim_kick_1,밀리는 조준 잡기,판 아래 안내 — 석양이 진다 조준
