key,value,type,min,max,group,_note
start_gold,4,int,0,99,경제,런 시작 자금. 4골드 동전 한 장을 첫 상점에서 살 수 있다
clear_gold,4,int,0,99,경제,클리어 기본 보상
gold_per_dart,1,int,0,9,경제,남은 다트 1개당. 적은 발로 끝낼 유인
interest_per,5,int,1,99,경제,보유 골드 N당 이자 1. 저축 유인
interest_max,5,int,0,99,경제,이자 상한
gold_broke,6,int,0,99,경제,"""감자 먹는 사람들"" 기준 — 정산 시점 보유 골드가 이 이하면 발동. 2026-09-13: 기획서 14:42판 이름으로 ""굳은살"" 에서 갈았다 — 값은 그대로다"
gold_blitz,3,int,0,9,경제,"""속사"" 기준 — 남은 다트가 이 이상이면 발동"
sell_div,2,int,1,9,경제,판매가 = 구매가 ÷ 이 값(내림). 스프레드 2/4/6/7 이 대여의 손익선이다
sell_min,2,int,0,99,경제,판매가 하한. 0골드 판매를 막는 바닥
free_rerolls,1,int,0,9,상점,방문마다 무료 리롤. 없으면 초반에 리롤을 못 쓴다
reroll_base,2,int,0,99,상점,유료 리롤 첫 가격
reroll_step,1,int,0,99,상점,리롤할 때마다 누적 상승
jackpot_p,0.0005,float,0.0,1.0,상점,"리롤 한 번에 테이블 한 칸이 레전더리로 서는 확률(잭팟). 레전더리는 저울로는 안 뜨고(rarity 0.00) 다트통 · 해금 · 팩으로만 오는데 리롤에만 이 문이 하나 더 있다 — 상점을 처음 열 때 · 튜토리얼 런에는 안 선다. 2026-10-07 사용자 「진짜진짜 낮은 확률로 그냥 리롤에서 등장 하는거 어때? 한 0.0000001% 이렇게 · 엄청난 이팩트」. 적힌 그대로면 리롤 10억 번에 한 번이라 아무도 못 본다 — 런 하나에 리롤을 스물~마흔 번으로 잡아 마흔~백 런에 한 번 서는 0.05% 에 둔다"
max_items,5,int,1,9,상점,동전 슬롯. 넣는 것이 곧 빼는 것이 되는 수
darts_base,6,int,1,12,런,한 판에 쥐는 다트 수. rounds.darts 가 라운드별로 덮는다
board_r,98,float,40.0,200.0,판,보드 반지름(px). aim_swing 이 이 값에 비례해야 한다
aim_swing,110,float,40.0,260.0,판,조준 게이지 진폭(px). board_r 의 1.1224배 — 이 비가 빗나감 37.68% 를 만든다
sector_max,32,int,1,40,판,"칸 값 상한. 불 판정은 값이 아니라 hit_info 의 깃발이 쥔다 — 피자(32)를 위해 25 를 넘긴다"
val_max_mul,1.5,float,1.0,4.0,판,판값 상한 배율. 이것을 넘기는 보드 확장은 테이블에 안 뜬다
gauge_speed,0.7,float,0.15,4.0,조작감,조준 게이지 기본 속도. 게임 중 [ ] 키로 조절된다
resolve_beat,0.38,float,0.05,1.5,조작감,정산 한 단계의 간격(초). 반음 상승과 같은 박자
legend_pack_w,0.03,float,0.0,1.0,경제,한 번 받아 본 레전더리가 팩에서 뜨는 가중치. 등급 가중치(0.00)를 대신한다 — 상점 테이블에는 여전히 안 뜨고 팩에서만 온다. 레어가 0.05 이므로 그보다 낮다
bal_beats,1.6,float,1.0,12.0,조작감,저울 걸음의 길이 = resolve_beat 의 이 배수. 두 수가 한꺼번에 바뀌는 걸음이라 보통 걸음보다는 길다. 붙었다 갈라지는 그림을 걷어낸 뒤로는 반 박이면 읽힌다(약 0.61초)
confirm_hold,0.45,float,0.0,1.5,조작감,"두 축을 잠근 뒤 확인 텀(초). ""안개"" 가 0 으로 만든다"
fly_time,0.2,float,0.05,1.0,조작감,다트가 날아가는 시간(초). 게이지 속도와 무관한 고정값
aim_click_r,1.22,float,1.0,2.0,조작감,조준이 잠기는 클릭 반경 = board_r 의 이 배수. 판 밖을 눌러도 안 잠긴다
cons_slots,2,int,0,6,사탕,사탕·사진 칸. 런 설정 800001(가안) 값 — TODO 확정 필요
cons_price_tmp,4,int,1,99,사탕,사탕 임시 가격 — 스펙 가격 미정. TODO 확정 필요
kick_n,6,int,2,12,조작감,리볼버 조준의 연발 수. 한 발이 이만큼의 작은 다트가 된다 — 2026-09-11 기획서가 6발이라 적었다
kick_share,0.25,float,0.05,1.0,조작감,작은 다트 한 발이 받는 점수 몫. 0.25 면 다섯 발을 다 잡아야 보통 다트 1.25발치다 — 반동을 못 잡으면 그 아래로 떨어진다
curve_first,42,int,5,9999,곡선,라운드 1 기본 목표 = 첫 판의 목표(작은 판 배수가 1.00이다). 무장 없는 한 판 기댓값 86의 49%. 첫 판 보스(84)가 무장 없는 기댓값과 거의 같아서 첫 상점 둘이 진짜 선택이 된다. 검증기가 60%(52)에서 막는다
curve_last,50000,int,100,999999,곡선,"라운드 8 기본 목표. 최종 보스는 이것의 2배인 100000 이다. 첫 값과 이 값의 비가 총 배율이다(1190배) — 발라트로의 167배보다 높게 둔 자리다. 2026-10-07 「8라운드가 너무 쉬워 목표값 곡선 대폭 올려줘」로 10000 에서 다섯 배로 올렸다 — 옛 값에서는 튜토리얼 선물 빌드(동전 다섯 · 도넛)를 쥐고 판 아무 데나 던지는 오토플레이도 8라운드 작은 판 · 큰 판을 넘겼다"
curve_bow,0.12,float,-1.0,1.0,곡선,"곡선의 배부름. log10 에서 직선 위로 얼마나 부푸는가 — 0이면 등비, +면 앞이 가파르고 뒤가 완만하다. 발라트로 역산값은 0.28 인데 그대로 쓰니 라운드 2 에서 소크가 몰살했었다(완주 0/12) — 발라트로는 조커가 초반에 빨리 크고 우리는 동전 슬롯이 천천히 찬다. 2026-10-07 0.26 → 0.12: 끝(curve_last)을 다섯 배로 올리면서 앞은 거의 그대로 두려고 배부름을 줄였다 — 옛 곡선 대비 라운드 1 그대로 · 2 +7% · 3 +22% · 4 +45% · 5 +83% · 6 x2.4 · 7 x3.4 · 8 x5. 걸음은 3.15 → 2.40 으로 고르게 줄어 뒤가 덜 눕는다. 이보다 더 내리면 무한 가속(endless_accel)이 1 밑으로 떨어진다"
endless_step,2.4022,float,1.01,9.0,곡선,"무한 라운드 한 걸음. round_base(8)/round_base(7) = 50000/20814 = 2.4022 — 본편 곡선의 **마지막 걸음 그대로**라 「계속」을 누른 라운드에 벽이 없다. ⚠ 라운드당 기하평균 2.753 을 쓰면 안 된다 — 그것은 1→8 **평균**이지 걸음이 아니다. bow 0.12 가 뒤를 완만하게 만들어 실제 걸음은 3.149 · 3.010 · 2.877 · 2.750 · 2.629 · 2.513 · 2.402 로 줄어드는데, 9라운드에 2.75 를 놓으면 걸음이 +15% 튀어 그 라운드가 벽이 된다. 2026-09-20 · 곡선을 올리며 1.63 에서 다시 쟀다 2026-10-07"
endless_accel,1.00254,float,1.0,2.0,곡선,"걸음이 라운드마다 커지는 비. 무한 9~16 여덟 라운드의 총 배율이 본편 1~8 의 1190배와 같아지는 값이다 — 「무한 한 바퀴 = 본편 한 바퀴만큼 더 오른다」는 문장 하나가 곧 이 수다. 검산: 2.4022^8 x 1.00254^28 = 1105.6 x 1.0736 = 1190.5. 2026-10-07 본편 곡선을 올리며 1.0575 에서 다시 쟀다 — 본편 마지막 걸음이 1.63 에서 2.40 으로 커져 가속이 할 몫이 줄었다. ⚠ 선형/덧셈 곡선 금지 — Luck be a Landlord 가 무한 임대료를 1000+500 선형으로 두고 「사실상 샌드박스」 소리를 들었고, 하이톤 동전은 tag_mul·item_mul·sec_mul 로 곱해 붙어 같은 실수가 더 빨리 터진다. 2026-09-20"
endless_rounds,34,int,9,999,곡선,"무한의 끝. 천장부터 역산했다 — 한 판의 최악 목표 = 기본 x 보스 2.00 x 검정 리그 curve_b 4.00 x 보스 제약 tgt 1.25 = 기본의 10배다. 2026-09-20 곡선에서는 R34 최악 2.56e18 = int64(9.22e18)의 28% 이고 R35 는 넘쳤다. 28% 를 남기는 것은 **점수가 목표를 넘겨도 안 뒤집히게** 하기 위해서다(넘긴 것이 곧 클리어라 3.6배까지 여유가 있다). 2026-10-07 곡선(끝 50000 · 가속 1.00254)에서는 R34 최악이 8.97e15 이고 같은 여유의 끝이 R39 다 — 판 수(102)를 안 바꾸려고 34 에 둔다. 넘치는 일이 구조에 없다"
endless_stack_per,4,int,1,99,곡선,"무한 N라운드마다 그 라운드 보스의 제약이 둘이다. 발라트로가 8안테마다 피니셔 블라인드를 다시 넣어 만든 주기를 **이미 있는 손잡이**(「겹치기」가 쓰는 mods_n)로 낸다 — 새 시스템이 안 는다. 감으로 고른 수다: 무한 한 바퀴(여덟 라운드)에 둘이 서는 값이라 화면이 똑같아지기 전에 돌아온다. 2026-09-20"
big_at,1000000,int,1000,999999999,곡선,"이 수부터 글자를 만/억/조/경으로 깎는다(GameData.big). 상단바 목표 칸이 60px·12pt 라 8px/자리 — **일곱 자리가 끝**이다. 문턱이 이 값인 이유: 본편 최악 목표가 정확히 500,000(100000 x 검정 4.00 x 제약 1.25 — 2026-10-07 곡선. 그전에는 100,000)이라 그 밑에 두면 본편 마지막 판이 문턱 위에 얹힌다. 100만이면 **본편은 한 글자도 안 바뀐다** — 밸런스 유예를 안 건드린다. 2026-09-20"
track_score,10,int,0,99,강화,"홀수 레벨마다 칸 값이 이만큼 오른다. 기획서 P.16 의 예시 (20+10+10) x (3+1+1) 에서 읽었다 — 칸 20 에 홀수 레벨 둘이 +10 씩 붙고, 배수 쪽은 아이템 +1 과 짝수 레벨 +1 이다. 예시라 다른 읽기도 되지만 이 표에 수치가 적힌 자리는 여기뿐이다. 표(area_upgrades)에 그 트랙 줄이 있으면 표가 이긴다"
track_mult,1,int,0,99,강화,"짝수 레벨마다 배수가 이만큼 오른다. 레벨 상한이 없으므로 이 둘이 사탕 한 알의 무게를 통째로 쥔다"
