id,step,text,mark,slow,wait,enabled,_note
u_leg,1,던진다를 눌러 판을 시작하세요,leg_go,0.3,tap,1,첫 S.LEG. 런의 입구라 여기부터 밝힌다
,,,,,,,
u_skip,1,건너뛰어 아이템을 획득할 수 있습니다,leg_skip,0.3,tap,1,건너뛸 수 있는 첫 판에서만
,,,,,,,
,,,,,,,
u_score,1,꽂힌 칸의 값이 점수가 됩니다,board,1,tap,1,첫 정산. 여기가 이 게임의 심장이다. 예전엔 0.18 로 제일 느리게 잡았는데 점수가 느려지는 것이 거슬린다는 평에 늦추지 않는다(2026-09-17)
u_score,2,동전으로 점수와 배수를 획득할 수 있습니다,rack,1,tap,1,
u_score,3,점수와 배수를 곱해 목표점수에 도달하세요,score,1,tap,1,
u_clear,1,판을 클리어하면 남은 다트당 1골드 획득합니다,,0.4,tap,1,첫 통과. 남기는 것이 이득이라는 것을 여기서 배운다
u_shop,1,상점에서는 다양한 아이템을 구매할 수 있습니다,goods,0.3,tap,1,첫 S.SHOP
u_shop,2,아이템을 여기로 가져와 구매하세요,chute_buy,0.3,tap,1,
u_shop,3,아이템의 가격입니다,goods,0.3,tap,1,
u_gift,1,처음 보는 손님이군,dealer,0.3,tap,1,튜토리얼 런의 첫 상점 — 선물(TUT.gifts)이 선 테이블에서만. 값 설명 바로 뒤에 온다. 두 줄 다 사용자가 고른 말(2026-09-27)
u_gift,2,이건 서비스야 가져가,gift,0.3,tap,1,
u_more,1,다른 것도 한번 봐봐,reroll,0.3,tap,1,튜토리얼 런 첫 상점에서 첫 두 장을 다 쥔 뒤. 리롤하면 선물 세 장이 더 선다(TUT.pages). 사용자가 고른 말(2026-09-27)
u_sell,1,아이템을 판매하여 골드를 획득하세요,chute_sell,0.3,tap,1,팔 것이 생긴 첫 상점
u_rack,1,획득한 동전은 슬롯에 배치됩니다,rack,0.3,tap,1,첫 동전 획득
u_rack,2,동전은 왼쪽부터 발동되며 순서를 바꿀 수 있습니다,rack,0.3,tap,1,이 게임에서 제일 중요한 한 줄이다
,,,,,,,
,,,,,,,
u_cons,1,사탕을 먹으면 다트보드가 강화됩니다,cons,0.35,tap,1,첫 사탕
u_pack,1,팩을 열어 다양한 아이템 중 하나를 골라 획득합니다,goods,0.35,tap,1,첫 팩
